Workbook

Sheet Motion Brief
B2: Star Ratings Cliff-Edge Motion — Target Brief
B3: Built from Naveen's Star_Rating_Analysis workbook (Apr 2026). Dallas Andrews · GTM Engineer · Jun 30 2026. Internal working file.
B5: The addressability cut, quantified
B6: 519 rated MA contracts in the 2025 cycle. 308 (59%) sit below 4.0 stars.
B7: 171 of those are at exactly 3.5 stars — the cliff-edge population, half a star from the 4.0 bonus threshold. Total forgone QBP across the 171: ~$3.0B.
B8: 93 of the 171 are Intradiem-addressable (customer-service or mixed measure gaps), worth ~$2.29B. The other 78 (~$0.7B) are clinical-driven and out of lane.
B9: This is the evidence version of the addressability POV: not every sub-4.0 plan is movable; the winnable set is the CS-measure gaps Intradiem's products touch.
B11: By the numbers (live from the Scored Targets tab)
B12: Addressable cliff-edge contracts | D12: =COUNTA('Scored Targets (93)'!E2:E94) -> 93
B13: Addressable forgone QBP ($M, ceiling) | D13: =SUM('Scored Targets (93)'!K2:K94) -> 2287.22
B14: QO-led — sellable now | D14: =SUMPRODUCT((LEFT('Scored Targets (93)'!L2:L94,2)="QO")*1) -> 32
B15: QO-led forgone QBP ($M) | D15: =SUMPRODUCT((LEFT('Scored Targets (93)'!L2:L94,2)="QO")*'Scored Targets (93)'!K2:K94) -> 373.62
B16: BOO-led — queued for Sept GA | D16: =SUMPRODUCT((LEFT('Scored Targets (93)'!L2:L94,3)="BOO")*1) -> 61
B17: BOO-led forgone QBP ($M) | D17: =SUMPRODUCT((LEFT('Scored Targets (93)'!L2:L94,3)="BOO")*'Scored Targets (93)'!K2:K94) -> 1913.6
B19: How to run it (the sequencing read)
B20: Lead with the 32 QO-led contracts. Queue Optimizer is sellable today; these are the immediate motion.
B21: Queue the 61 BOO-led contracts for Back Office Optimizer GA (Sept 2026, Busbee). A product slip changes the timing of what you source, not the number.
B22: Anchor whales: Humana H5216 (2.47M-member D-SNP) = $820M forgone alone; Humana holds 14 cliff-edge contracts / ~$1.33B; UnitedHealth 20 / ~$540M.
B23: Ceiling caveat: forgone-QBP figures are theoretical ceilings. The workbook's own methodology puts realistic recapture at 30–50%. Lead with the ceiling to size, qualify with the range. Never quote the ceiling as recoverable.
B25: Rule status — VERIFIED Jun 30 2026 (corrects the talk track)
B26: The CY2027 MA/Part D final rule (CMS-4208-F) was finalized April 2026. It removes 11 Star measures (the proposed 12th, diabetes eye exam, was kept) and does not implement the Excellent Health Outcomes for All reward.
B27: Most removals take effect with the 2027 measurement year / 2029 Star Ratings. Your near-term cliff-edge motion (2026 and 2027 QBP) is UNAFFECTED.
B28: The Call Center Foreign Language Interpreter and TTY measures (C32, D01 — the Elevance $375M story) are removed starting with 2028 Star Ratings. Use that story now while it is live, then pivot to appeals-timeliness (BOO, C30/D02) and the 5x Improvement measures (C29/D06) as the durable backbone.
B29: Before finalizing any deck, reconcile the surviving-measure list against the CMS '2027 Star Ratings Measures and Weights' file. Sources listed on this tab.
B31: How this feeds the Golden List
B32: The 93 addressable contracts are the seed universe for account scoring. New scoring fields: forgone QBP (deal size), lead product (QO-now vs BOO-later gating), SNP flag, CS-vs-clinical gap, and measurement-cycle timing.
... B40: Underlying data: Naveen Thilagan, Star_Rating_Analysis workbook (Intradiem Product Strategy, Apr 2026)

Sheet Measure Reconciliation
A1: Measure Reconciliation — Intradiem's 19 addressable measures vs. CY2027 Final Rule (CMS-4208-F, Apr 2 2026)
A2: VERIFIED Jun 30 2026 vs CMS fact sheet, CMS '2027 Star Ratings Measures & Weights', and Holland & Knight alert. Removals phase in at 2028 and 2029 Star Ratings, so the near-term cliff motion (through 2028 QBP) is unaffected. Confidence flags note where the 2029 batch membership should be confirmed against the Federal Register final rule (2026-06600) before any long-horizon payer deck.
A4: Measure ID | B4: Measure Name | C4: Domain | D4: Influence | E4: Weight | F4: Intradiem lever | G4: Status | H4: Effective | I4: Confidence | J4: Note
A5: C32 | B5: Call Center Interpreter/TTY Availability | C5: Customer Service | D5: HIGH | E5: 2 | F5: QO, Coaching | G5: REMOVED | H5: 2028 Star Ratings | I5: High | J5: One of the 11. Confirmed removed 2028. Retire the secret-shopper opener after this cycle.
A6: D01 | B6: Call Center Interpreter/TTY (Part D) | C6: Customer Service | D6: HIGH | E6: 2 | F6: QO, Coaching | G6: REMOVED | H6: 2028 Star Ratings | I6: High | J6: The Elevance $375M measure. Confirmed removed 2028. Use it now while live, then drop it.
A7: C30 | B7: Plan Makes Timely Decisions about Appeals | C7: Customer Service | D7: HIGH | E7: 2 | F7: BOO, Coaching | G7: REMOVED | H7: 2029 Star Ratings | I7: Medium | J7: CORRECTS workbook (it called this the strongest surviving lever). Final rule appears to remove it. Verify vs Federal Register before long-horizon BOO decks.
A8: C31 | B8: Reviewing Appeals Decisions | C8: Customer Service | D8: HIGH | E8: 2 | F8: Coaching, BOO | G8: REMOVED | H8: 2029 Star Ratings | I8: Med-High | J8: Administrative/process measure in the removal batch.
A9: C27 | B9: Complaints about the Health Plan | C9: Customer Service | D9: HIGH | E9: 2 | F9: QO, BOO, Burnout, Coaching | G9: REMOVED | H9: 2029 Star Ratings | I9: Med-High | J9: Downstream service-quality signal removed from QBP math in 2029.
A10: D04 | B10: Complaints about the Drug Plan | C10: Customer Service | D10: HIGH | E10: 2 | F10: QO, BOO, Burnout, Coaching | G10: REMOVED | H10: 2029 Star Ratings | I10: Med-High | J10: Part D counterpart of C27.
A11: C28 | B11: Members Choosing to Leave the Plan | C11: Member Experience | D11: MED | E11: 2 | F11: All four | G11: REMOVED | H11: 2029 Star Ratings | I11: Med-High | J11: Disenrollment measure in the removal batch.
A12: D05 | B12: Members Choosing to Leave (Part D) | C12: Member Experience | D12: MED | E12: 2 | F12: All four | G12: REMOVED | H12: 2029 Star Ratings | I12: Med-High | J12: Part D counterpart of C28.
A13: D02 | B13: Appeals Auto-Forward (Part D) | C13: Customer Service | D13: HIGH | E13: 2 | F13: BOO | G13: VERIFY | H13: TBD | I13: Low | J13: Not shown in the CMS 2027 measures table pulled; status unclear. Confirm vs Federal Register before relying on it for BOO.
A14: D03 | B14: Appeals Upheld (Part D) | C14: Customer Service | D14: HIGH | E14: 2 | F14: Coaching, BOO | G14: VERIFY | H14: TBD | I14: Low | J14: Same as D02: not visible in the 2027 measures table; verify.
A15: C29 | B15: Health Plan Quality Improvement | C15: Improvement | D15: MED | E15: 5 | F15: All four | G15: SURVIVES | H15: — | I15: High | J15: 5x weight, highest in the system. Confirmed survives. THE durable backbone.
A16: D06 | B16: Drug Plan Quality Improvement | C16: Improvement | D16: MED | E16: 5 | F16: All four | G16: SURVIVES | H16: — | I16: High | J16: 5x weight. Confirmed survives. Durable backbone (Part D).
... A23: D08 | B23: Getting Needed Prescription Drugs | C23: Member Experience | D23: MED | E23: 2 | F23: BOO, QO | G23: SURVIVES | H23: — | I23: High | J23: Durable.
A25: Tally: | B25: 2 removed at 2028 Stars (TTY pair) · 6 removed at 2029 Stars · 2 to verify (Part D appeals) · 9 survive, anchored by the two 5x Improvement measures (C29/D06) + the CAHPS experience cluster.

Sheet Scored Targets (93)
A1: Rank | B1: Tier | C1: Sell Window | D1: Parent | E1: Contract | F1: Marketing Name | G1: Org Type | H1: SNP | I1: Members | J1: Per-Enrollee QBP ($) | K1: Forgone QBP ($M) | L1: Lead Product | M1: Priority Score | N1: Measure Profile | O1: Addressable Measure Gaps | P1: Rationale
A2: =RANK(M2,$M$2:$M$94) -> 1 | B2: =IF(LEFT(L2,2)="QO","A · QO now",IF(K2>=20,"B · BOO large","C · BOO")) -> B · BOO large | C2: =IF(LEFT(L2,2)="QO","Now — QO","At GA — BOO") -> At GA — BOO | D2: Humana | E2: H5216 | F2: Humana | G2: Local CCP | H2: Yes | I2: 2470763 | J2: 332 | K2: 820.29 | L2: BOO | M2: =K2*IF(LEFT(L2,2)="QO",1,0.7) -> 574.203 | N2: CS 3.7 / Clin 3.3 | O2: D04 D Quality Imp (2★), C21 Cust Service (3★), C22 Care Quality (3★), C23 Health Plan (3★), C24 Care Coord (3★) +1 more | P2: SNP contract: complex back office (LTSS coordination, dual-eligible workflows, redetermination cycles). BOO drives C26 Care Coordination CAHPS and C30/D02 Appeals Timeliness simultaneously. Add Coaching for SNP-specific protocols.
A3: =RANK(M3,$M$2:$M$94) -> 2 | B3: =IF(LEFT(L3,2)="QO","A · QO now",IF(K3>=20,"B · BOO large","C · BOO")) -> B · BOO large | C3: =IF(LEFT(L3,2)="QO","Now — QO","At GA — BOO") -> At GA — BOO | D3: Humana | E3: H5619 | F3: Humana | G3: Local CCP | H3: Yes | I3: 490987 | J3: 332 | K3: 163.01 | L3: BOO | M3: =K3*IF(LEFT(L3,2)="QO",1,0.7) -> 114.107 | N3: CS 3.6 / Clin 3.1 | O3: C21 Cust Service (3★), C29 Appeals Upheld (3★), C19 Getting Care (3★), C23 Health Plan (3★), C24 Care Coord (3★) +2 more | P3: SNP contract: complex back office (LTSS coordination, dual-eligible workflows, redetermination cycles). BOO drives C26 Care Coordination CAHPS and C30/D02 Appeals Timeliness simultaneously. Add Coaching for SNP-specific protocols.
A4: =RANK(M4,$M$2:$M$94) -> 3 | B4: =IF(LEFT(L4,2)="QO","A · QO now",IF(K4>=20,"B · BOO large","C · BOO")) -> A · QO now | C4: =IF(LEFT(L4,2)="QO","Now — QO","At GA — BOO") -> Now — QO | D4: UnitedHealth | E4: H8768 | F4: UnitedHealthcare | G4: Local CCP | H4: No | I4: 317637 | J4: 351 | K4: 111.49 | L4: QO | M4: =K4*IF(LEFT(L4,2)="QO",1,0.7) -> 111.49 | N4: CS 3.4 / Clin 3.1 | O4: C21 Cust Service (1★), C20 Appts Quickly (2★), C23 Health Plan (2★), D05 Drug Plan (2★), C19 Getting Care (3★) +3 more | P4: Lead with QO for C32/D01 secret-shopper measures (binary pass-fail; one half-star to full QBP). Pair with Coaching for accuracy half of the same measure. BOO as second product.
A5: =RANK(M5,$M$2:$M$94) -> 4 | B5: =IF(LEFT(L5,2)="QO","A · QO now",IF(K5>=20,"B · BOO large","C · BOO")) -> B · BOO large | C5: =IF(LEFT(L5,2)="QO","Now — QO","At GA — BOO") -> At GA — BOO | D5: Humana | E5: H0028 | F5: Humana | G5: Local CCP | H5: Yes | I5: 342600 | J5: 332 | K5: 113.74 | L5: BOO | M5: =K5*IF(LEFT(L5,2)="QO",1,0.7) -> 79.618 | N5: CS 3.6 / Clin 3.4 | O5: D04 D Quality Imp (2★), C19 Getting Care (3★), C22 Care Quality (3★), C24 Care Coord (3★), C26 Disenroll (3★) +2 more | P5: SNP contract: complex back office (LTSS coordination, dual-eligible workflows, redetermination cycles). BOO drives C26 Care Coordination CAHPS and C30/D02 Appeals Timeliness simultaneously. Add Coaching for SNP-specific protocols.
A6: =RANK(M6,$M$2:$M$94) -> 5 | B6: =IF(LEFT(L6,2)="QO","A · QO now",IF(K6>=20,"B · BOO large","C · BOO")) -> B · BOO large | C6: =IF(LEFT(L6,2)="QO","Now — QO","At GA — BOO") -> At GA — BOO | D6: Humana | E6: H6622 | F6: Humana | G6: Local CCP | H6: Yes | I6: 341511 | J6: 332 | K6: 113.38 | L6: BOO | M6: =K6*IF(LEFT(L6,2)="QO",1,0.7) -> 79.366 | N6: CS 3.6 / Clin 3.4 | O6: D04 D Quality Imp (2★), C21 Cust Service (3★), C19 Getting Care (3★), C23 Health Plan (3★), C26 Disenroll (3★) +2 more | P6: SNP contract: complex back office (LTSS coordination, dual-eligible workflows, redetermination cycles). BOO drives C26 Care Coordination CAHPS and C30/D02 Appeals Timeliness simultaneously. Add Coaching for SNP-specific protocols.
A7: =RANK(M7,$M$2:$M$94) -> 6 | B7: =IF(LEFT(L7,2)="QO","A · QO now",IF(K7>=20,"B · BOO large","C · BOO")) -> B · BOO large | C7: =IF(LEFT(L7,2)="QO","Now — QO","At GA — BOO") -> At GA — BOO | D7: UnitedHealth | E7: H0543 | F7: UnitedHealthcare | G7: Local CCP | H7: Yes | I7: 256685 | J7: 332 | K7: 85.22 | L7: BOO | M7: =K7*IF(LEFT(L7,2)="QO",1,0.7) -> 59.654 | N7: CS 3.2 / Clin 3.6 | O7: C19 Getting Care (1★), C20 Appts Quickly (1★), C24 Care Coord (1★), C27 Quality Imp (2★), D06 Getting Rx (2★) +4 more | P7: SNP contract: complex back office (LTSS coordination, dual-eligible workflows, redetermination cycles). BOO drives C26 Care Coordination CAHPS and C30/D02 Appeals Timeliness simultaneously. Add Coaching for SNP-specific protocols.
A8: =RANK(M8,$M$2:$M$94) -> 7 | B8: =IF(LEFT(L8,2)="QO","A · QO now",IF(K8>=20,"B · BOO large","C · BOO")) -> B · BOO large | C8: =IF(LEFT(L8,2)="QO","Now — QO","At GA — BOO") -> At GA — BOO | D8: UnitedHealth | E8: H3387 | F8: UnitedHealthcare | G8: Local CCP | H8: Yes | I8: 158177 | J8: 332 | K8: 52.51 | L8: BOO | M8: =K8*IF(LEFT(L8,2)="QO",1,0.7) -> 36.757 | N8: CS 3.5 / Clin 3.7 | O8: C20 Appts Quickly (2★), C22 Care Quality (2★), C21 Cust Service (3★), C19 Getting Care (3★), C23 Health Plan (3★) +4 more | P8: SNP contract: complex back office (LTSS coordination, dual-eligible workflows, redetermination cycles). BOO drives C26 Care Coordination CAHPS and C30/D02 Appeals Timeliness simultaneously. Add Coaching for SNP-specific protocols.
A9: =RANK(M9,$M$2:$M$94) -> 8 | B9: =IF(LEFT(L9,2)="QO","A · QO now",IF(K9>=20,"B · BOO large","C · BOO")) -> B · BOO large | C9: =IF(LEFT(L9,2)="QO","Now — QO","At GA — BOO") -> At GA — BOO | D9: UnitedHealth | E9: H4514 | F9: UnitedHealthcare | G9: Local CCP | H9: Yes | I9: 148399 | J9: 332 | K9: 49.27 | L9: BOO | M9: =K9*IF(LEFT(L9,2)="QO",1,0.7) -> 34.489 | N9: CS 3.7 / Clin 3.2 | O9: C21 Cust Service (2★), D04 D Quality Imp (2★), C24 Care Coord (3★), C26 Disenroll (3★), C27 Quality Imp (3★) +2 more | P9: SNP contract: complex back office (LTSS coordination, dual-eligible workflows, redetermination cycles). BOO drives C26 Care Coordination CAHPS and C30/D02 Appeals Timeliness simultaneously. Add Coaching for SNP-specific protocols.
A10: =RANK(M10,$M$2:$M$94) -> 9 | B10: =IF(LEFT(L10,2)="QO","A · QO now",IF(K10>=20,"B · BOO large","C · BOO")) -> B · BOO large | C10: =IF(LEFT(L10,2)="QO","Now — QO","At GA — BOO") -> At GA — BOO | D10: UnitedHealth | E10: H4604 | F10: UnitedHealthcare | G10: Local CCP | H10: Yes | I10: 139923 | J10: 332 | K10: 46.45 | L10: BOO | M10: =K10*IF(LEFT(L10,2)="QO",1,0.7) -> 32.515 | N10: CS 3.8 / Clin 3.5 | O10: C21 Cust Service (2★), C20 Appts Quickly (2★), C19 Getting Care (3★), C22 Care Quality (3★), C23 Health Plan (3★) +1 more | P10: SNP contract: complex back office (LTSS coordination, dual-eligible workflows, redetermination cycles). BOO drives C26 Care Coordination CAHPS and C30/D02 Appeals Timeliness simultaneously. Add Coaching for SNP-specific protocols.
A11: =RANK(M11,$M$2:$M$94) -> 10 | B11: =IF(LEFT(L11,2)="QO","A · QO now",IF(K11>=20,"B · BOO large","C · BOO")) -> A · QO now | C11: =IF(LEFT(L11,2)="QO","Now — QO","At GA — BOO") -> Now — QO | D11: UnitedHealth | E11: R7444 | F11: UnitedHealthcare | G11: Regional CCP | H11: No | I11: 80000 | J11: 351 | K11: 28.08 | L11: QO | M11: =K11*IF(LEFT(L11,2)="QO",1,0.7) -> 28.08 | N11: CS 3.6 / Clin 3.2 | O11: C23 Health Plan (1★), D05 Drug Plan (1★), C19 Getting Care (2★), C20 Appts Quickly (3★), C22 Care Quality (3★) +1 more | P11: Lead with QO for C32/D01 secret-shopper measures (binary pass-fail; one half-star to full QBP). Pair with Coaching for accuracy half of the same measure. BOO as second product.
A12: =RANK(M12,$M$2:$M$94) -> 11 | B12: =IF(LEFT(L12,2)="QO","A · QO now",IF(K12>=20,"B · BOO large","C · BOO")) -> B · BOO large | C12: =IF(LEFT(L12,2)="QO","Now — QO","At GA — BOO") -> At GA — BOO | D12: Medica Holding Company | E12: H8889 | F12: Medica | G12: Local CCP | H12: Yes | I12: 111604 | J12: 332 | K12: 37.05 | L12: BOO | M12: =K12*IF(LEFT(L12,2)="QO",1,0.7) -> 25.935 | N12: CS 3.8 / Clin 3.4 | O12: D05 Drug Plan (2★), C29 Appeals Upheld (3★), C30 FL/TTY (3★), C19 Getting Care (3★), C20 Appts Quickly (3★) +2 more | P12: SNP contract: complex back office (LTSS coordination, dual-eligible workflows, redetermination cycles). BOO drives C26 Care Coordination CAHPS and C30/D02 Appeals Timeliness simultaneously. Add Coaching for SNP-specific protocols.
A13: =RANK(M13,$M$2:$M$94) -> 12 | B13: =IF(LEFT(L13,2)="QO","A · QO now",IF(K13>=20,"B · BOO large","C · BOO")) -> B · BOO large | C13: =IF(LEFT(L13,2)="QO","Now — QO","At GA — BOO") -> At GA — BOO | D13: UnitedHealth | E13: H3379 | F13: UnitedHealthcare | G13: Local CCP | H13: Yes | I13: 99682 | J13: 332 | K13: 33.09 | L13: BOO | M13: =K13*IF(LEFT(L13,2)="QO",1,0.7) -> 23.163 | N13: CS 3.6 / Clin 3.5 | O13: C23 Health Plan (2★), D05 Drug Plan (2★), C21 Cust Service (3★), C19 Getting Care (3★), C22 Care Quality (3★) +5 more | P13: SNP contract: complex back office (LTSS coordination, dual-eligible workflows, redetermination cycles). BOO drives C26 Care Coordination CAHPS and C30/D02 Appeals Timeliness simultaneously. Add Coaching for SNP-specific protocols.
... A94: =RANK(M94,$M$2:$M$94) -> 93 | B94: =IF(LEFT(L94,2)="QO","A · QO now",IF(K94>=20,"B · BOO large","C · BOO")) -> C · BOO | C94: =IF(LEFT(L94,2)="QO","Now — QO","At GA — BOO") -> At GA — BOO | D94: AIDS Healthcare Foundation | E94: H5852 | F94: AHF | G94: Local CCP | H94: Yes | I94: 607 | J94: 332 | K94: 0.2 | L94: BOO | M94: =K94*IF(LEFT(L94,2)="QO",1,0.7) -> 0.14 | N94: CS 3.5 / Clin 3.2 | O94: C21 Cust Service (2★), D04 D Quality Imp (2★), C30 FL/TTY (3★), C19 Getting Care (3★), C20 Appts Quickly (3★) +2 more | P94: SNP contract: complex back office (LTSS coordination, dual-eligible workflows, redetermination cycles). BOO drives C26 Care Coordination CAHPS and C30/D02 Appeals Timeliness simultaneously. Add Coaching for SNP-specific protocols.

Sheet All 171 Cliff-Edge
A1: Parent | B1: Contract | C1: Marketing Name | D1: Org Type | E1: SNP | F1: Part C | G1: Part D | H1: Members | I1: Per-Enrollee QBP ($) | J1: Forgone QBP ($M) | K1: Intradiem Fit | L1: Measure Profile | M1: Addressable Measure Gaps | N1: Lead Product | O1: Rationale
A2: Humana | B2: H5216 | C2: Humana | D2: Local CCP | E2: Yes | F2: 3.5 | G2: 3.5 | H2: 2470763 | I2: 332 | J2: 820.29 | K2: Yes | L2: CS 3.7 / Clin 3.3 | M2: D04 D Quality Imp (2★), C21 Cust Service (3★), C22 Care Quality (3★), C23 Health Plan (3★), C24 Care Coord (3★) +1 more | N2: BOO | O2: SNP contract: complex back office (LTSS coordination, dual-eligible workflows, redetermination cycles). BOO drives C26 Care Coordination CAHPS and C30/D02 Appeals Timeliness simultaneously. Add Coaching for SNP-specific protocols.
A3: Humana | B3: H5619 | C3: Humana | D3: Local CCP | E3: Yes | F3: 3.5 | G3: 3.5 | H3: 490987 | I3: 332 | J3: 163.01 | K3: Yes | L3: CS 3.6 / Clin 3.1 | M3: C21 Cust Service (3★), C29 Appeals Upheld (3★), C19 Getting Care (3★), C23 Health Plan (3★), C24 Care Coord (3★) +2 more | N3: BOO | O3: SNP contract: complex back office (LTSS coordination, dual-eligible workflows, redetermination cycles). BOO drives C26 Care Coordination CAHPS and C30/D02 Appeals Timeliness simultaneously. Add Coaching for SNP-specific protocols.
A4: Humana | B4: H0028 | C4: Humana | D4: Local CCP | E4: Yes | F4: 3.5 | G4: 3.5 | H4: 342600 | I4: 332 | J4: 113.74 | K4: Yes | L4: CS 3.6 / Clin 3.4 | M4: D04 D Quality Imp (2★), C19 Getting Care (3★), C22 Care Quality (3★), C24 Care Coord (3★), C26 Disenroll (3★) +2 more | N4: BOO | O4: SNP contract: complex back office (LTSS coordination, dual-eligible workflows, redetermination cycles). BOO drives C26 Care Coordination CAHPS and C30/D02 Appeals Timeliness simultaneously. Add Coaching for SNP-specific protocols.
A5: Humana | B5: H6622 | C5: Humana | D5: Local CCP | E5: Yes | F5: 3.5 | G5: 3.5 | H5: 341511 | I5: 332 | J5: 113.38 | K5: Yes | L5: CS 3.6 / Clin 3.4 | M5: D04 D Quality Imp (2★), C21 Cust Service (3★), C19 Getting Care (3★), C23 Health Plan (3★), C26 Disenroll (3★) +2 more | N5: BOO | O5: SNP contract: complex back office (LTSS coordination, dual-eligible workflows, redetermination cycles). BOO drives C26 Care Coordination CAHPS and C30/D02 Appeals Timeliness simultaneously. Add Coaching for SNP-specific protocols.
A6: UnitedHealth | B6: H8768 | C6: UnitedHealthcare | D6: Local CCP | E6: No | F6: 3 | G6: 3.5 | H6: 317637 | I6: 351 | J6: 111.49 | K6: Yes | L6: CS 3.4 / Clin 3.1 | M6: C21 Cust Service (1★), C20 Appts Quickly (2★), C23 Health Plan (2★), D05 Drug Plan (2★), C19 Getting Care (3★) +3 more | N6: QO | O6: Lead with QO for C32/D01 secret-shopper measures (binary pass-fail; one half-star to full QBP). Pair with Coaching for accuracy half of the same measure. BOO as second product.
A7: UnitedHealth | B7: H0543 | C7: UnitedHealthcare | D7: Local CCP | E7: Yes | F7: 3 | G7: 4 | H7: 256685 | I7: 332 | J7: 85.22 | K7: Yes | L7: CS 3.2 / Clin 3.6 | M7: C19 Getting Care (1★), C20 Appts Quickly (1★), C24 Care Coord (1★), C27 Quality Imp (2★), D06 Getting Rx (2★) +4 more | N7: BOO | O7: SNP contract: complex back office (LTSS coordination, dual-eligible workflows, redetermination cycles). BOO drives C26 Care Coordination CAHPS and C30/D02 Appeals Timeliness simultaneously. Add Coaching for SNP-specific protocols.
A8: Humana | B8: H5525 | C8: Humana | D8: Local CCP | E8: Yes | F8: 3.5 | G8: 3 | H8: 178162 | I8: 332 | J8: 59.15 | K8: No | L8: CS 3.6 / Clin 3.0 | M8: C23 Health Plan (2★), D04 D Quality Imp (2★), C21 Cust Service (3★), C26 Disenroll (3★), C27 Quality Imp (3★) +1 more | N8: BOO | O8: SNP contract: complex back office (LTSS coordination, dual-eligible workflows, redetermination cycles). BOO drives C26 Care Coordination CAHPS and C30/D02 Appeals Timeliness simultaneously. Add Coaching for SNP-specific protocols.
A9: UnitedHealth | B9: H3387 | C9: UnitedHealthcare | D9: Local CCP | E9: Yes | F9: 3.5 | G9: 4 | H9: 158177 | I9: 332 | J9: 52.51 | K9: Yes | L9: CS 3.5 / Clin 3.7 | M9: C20 Appts Quickly (2★), C22 Care Quality (2★), C21 Cust Service (3★), C19 Getting Care (3★), C23 Health Plan (3★) +4 more | N9: BOO | O9: SNP contract: complex back office (LTSS coordination, dual-eligible workflows, redetermination cycles). BOO drives C26 Care Coordination CAHPS and C30/D02 Appeals Timeliness simultaneously. Add Coaching for SNP-specific protocols.
A10: Elevance | B10: H3447 | C10: Anthem HealthKeepers | D10: Local CCP | E10: Yes | F10: 3.5 | G10: 3 | H10: 156176 | I10: 332 | J10: 51.85 | K10: No | L10: CS 3.6 / Clin 3.0 | M10: C23 Health Plan (2★), D05 Drug Plan (2★), D06 Getting Rx (2★), C21 Cust Service (3★), C22 Care Quality (3★) +3 more | N10: BOO | O10: SNP contract: complex back office (LTSS coordination, dual-eligible workflows, redetermination cycles). BOO drives C26 Care Coordination CAHPS and C30/D02 Appeals Timeliness simultaneously. Add Coaching for SNP-specific protocols.
A11: Elevance | B11: H3655 | C11: Anthem Blue Cross and Blue Shield | D11: Local CCP | E11: Yes | F11: 4 | G11: 3.5 | H11: 150512 | I11: 332 | J11: 49.97 | K11: No | L11: CS 4.1 / Clin 3.1 | M11: D05 Drug Plan (2★), C21 Cust Service (3★), D06 Getting Rx (3★) | N11: BOO | O11: SNP contract: complex back office (LTSS coordination, dual-eligible workflows, redetermination cycles). BOO drives C26 Care Coordination CAHPS and C30/D02 Appeals Timeliness simultaneously. Add Coaching for SNP-specific protocols.
A12: UnitedHealth | B12: H4514 | C12: UnitedHealthcare | D12: Local CCP | E12: Yes | F12: 3.5 | G12: 3.5 | H12: 148399 | I12: 332 | J12: 49.27 | K12: Yes | L12: CS 3.7 / Clin 3.2 | M12: C21 Cust Service (2★), D04 D Quality Imp (2★), C24 Care Coord (3★), C26 Disenroll (3★), C27 Quality Imp (3★) +2 more | N12: BOO | O12: SNP contract: complex back office (LTSS coordination, dual-eligible workflows, redetermination cycles). BOO drives C26 Care Coordination CAHPS and C30/D02 Appeals Timeliness simultaneously. Add Coaching for SNP-specific protocols.
A13: UnitedHealth | B13: H4604 | C13: UnitedHealthcare | D13: Local CCP | E13: Yes | F13: 3.5 | G13: 4.5 | H13: 139923 | I13: 332 | J13: 46.45 | K13: Yes | L13: CS 3.8 / Clin 3.5 | M13: C21 Cust Service (2★), C20 Appts Quickly (2★), C19 Getting Care (3★), C22 Care Quality (3★), C23 Health Plan (3★) +1 more | N13: BOO | O13: SNP contract: complex back office (LTSS coordination, dual-eligible workflows, redetermination cycles). BOO drives C26 Care Coordination CAHPS and C30/D02 Appeals Timeliness simultaneously. Add Coaching for SNP-specific protocols.
... A172: EmblemHealth, Inc. | B172: H3276 | C172: ConnectiCare | D172: Local CCP | E172: Yes | F172: 4 | G172: 4 | H172: 522 | I172: 332 | J172: 0.17 | K172: No | L172: CS 4.1 / Clin 3.1 | M172: C19 Getting Care (3★), C23 Health Plan (3★), D05 Drug Plan (3★) | N172: BOO | O172: SNP contract: complex back office (LTSS coordination, dual-eligible workflows, redetermination cycles). BOO drives C26 Care Coordination CAHPS and C30/D02 Appeals Timeliness simultaneously. Add Coaching for SNP-specific protocols.
A173: SNP cliff-edge contracts | B173: 103
